,working,vaccations,There,many,to,a,been,like,some,have,I,on,projects,dream,professionals,for,work,are
0,0.05792358687259491,0.0,0.0,0.0,0.0,0.0,0.15694461266687282,0.0,0.15694461266687282,0.15694461266687282,0.15694461266687282,0.05792358687259491,0.05792358687259491,0.0,0.0,0.0,0.0,0.0
1,0.0,0.0,0.15694461266687282,0.15694461266687282,0.15694461266687282,0.0,0.0,0.0,0.0,0.0,0.0,0.05792358687259491,0.05792358687259491,0.0,0.0,0.0,0.15694461266687282,0.05792358687259491
2,0.05068313851352055,0.13732653608351372,0.0,0.0,0.0,0.13732653608351372,0.0,0.13732653608351372,0.0,0.0,0.0,0.0,0.0,0.13732653608351372,0.13732653608351372,0.13732653608351372,0.0,0.05068313851352055
